{"Animation Duriation":1.0,"Animation FPS":30,"ObjectCount":1,"Spheres":[{"Name":"testSphere","center":{"X":2.5,"Y":-1.0,"Z":-15.0},"emissionColor":{"X":0.10000000149011612,"Y":0.10000000149011612,"Z":0.10000000149011612},"endPosition":{"X":0.0,"Y":0.0,"Z":0.0},"radius":2.0,"reflection":1.0,"startPosition":{"X":0.0,"Y":0.0,"Z":0.0},"surfaceColor":{"X":0.8999999761581421,"Y":0.10000000149011612,"Z":0.10000000149011612},"transparency":0.5}]}
